t,V,I,P,D,P_gmpp,G1,G2,G3
0.0,47.978758903810494,5.369313716626353,257.61300828893843,0.26,452.722853225036,1000,1000,1000
0.01,70.55535388867516,5.348358534941387,377.3553291563058,0.34828174593109007,452.722853225036,1000,1000,1000
0.02,65.31949637892116,5.357550032902449,349.9524699740604,0.34828174593109007,452.722853225036,1000,1000,1000
0.03,64.61090011985206,5.35803073346617,346.18718855908037,0.5148797417488642,452.722853225036,1000,1000,1000
0.04,48.86840925426832,5.368710191813024,262.36032682108026,0.5148797417488642,452.722853225036,1000,1000,1000
0.05,46.737894794124756,5.370155499333209,250.98976275592602,0.8829471416759543,452.722853225036,1000,1000,1000
0.06,11.881313674925835,3.6947012880653087,43.897904938656445,0.8829471416759543,452.722853225036,1000,1000,1000
0.07,7.163988396499088,2.5919409973924465,18.568635229729757,0.316388643056049,452.722853225036,1000,1000,1000
0.08,59.7357524933897,5.361337956983472,320.2635572317802,0.316388643056049,452.722853225036,1000,1000,1000
0.09,66.85056707769077,5.355077281305992,357.9899530001642,0.5431503143419047,452.722853225036,1000,1000,1000
0.1,46.51639241529497,5.370305763065209,249.80725026486138,0.5431503143419047,452.722853225036,1000,1000,1000
0.11,43.76446112797689,5.3720661793183515,235.1055814816973,0.5661802598707805,452.722853225036,1000,1000,1000
0.12,41.22909546737387,5.373477734305597,221.54362649949329,0.5661802598707805,452.722853225036,1000,1000,1000
0.13,40.88597103758778,5.3736687674996,219.70766559357867,0.48204518134591273,452.722853225036,1000,1000,1000
0.14,48.74135382194804,5.368796384221125,261.68240416131715,0.48204518134591273,452.722853225036,1000,1000,1000
0.15,49.80446427600144,5.368075186800138,267.35410887187726,0.21476894685187609,452.722853225036,1000,1000,1000
0.16,75.05045775426052,5.336458583998992,400.50365951577726,0.21476894685187609,452.722853225036,1000,1000,1000
0.17,78.4671314322304,5.318344782220935,417.31525902844686,0.38052310696850944,452.722853225036,1000,1000,1000
0.18,63.3621867172263,5.358877841009973,339.55021835688046,0.38052310696850944,452.722853225036,1000,1000,1000
0.19,61.317954745947844,5.360264615845988,328.6804631407498,0.1,452.722853225036,1000,1000,1000
0.2,87.38753828301637,5.154096676133034,450.40382059994295,0.1,452.722853225036,1000,1000,1000
0.21,90.91567275486607,4.971014576882284,451.94313453149874,0.34389869558375563,452.722853225036,1000,1000,1000
0.22,68.48661433273013,5.35211025861132,366.54791114776197,0.34389869558375563,452.722853225036,1000,1000,1000
0.23,65.45117135843982,5.357460706666143,350.6520787581138,0.18135904109789652,452.722853225036,1000,1000,1000
0.24,80.30580928425991,5.3027165074894995,425.8389405389485,0.18135904109789652,452.722853225036,1000,1000,1000
0.25,82.3161659153281,5.2778804505203745,434.45488284630176,0.22001999069514103,452.722853225036,1000,1000,1000
0.26,78.95726923774171,5.315080560376789,419.66424682595726,0.22001999069514103,452.722853225036,1000,1000,1000
0.27,78.50269200451804,5.318107955770197,417.4857908986048,0.1,452.722853225036,1000,1000,1000
0.28,89.71323956725173,5.046311086654403,452.7209154479049,0.1,452.722853225036,1000,1000,1000
0.29,91.23042219689181,4.948658901096667,451.4682408554556,0.22069687141362027,452.722853225036,1000,1000,1000
0.3,80.10011118159892,5.30462298015029,424.9008904865028,0.22069687141362027,452.722853225036,1000,1000,1000
0.31,78.59378738783266,5.317501278348515,417.92256490505156,0.12360055753570456,452.722853225036,1000,1000,1000
0.32,87.50904484330728,5.149482116015456,450.62626141020536,0.12360055753570456,452.722853225036,1000,1000,1000
0.33,88.71559373617126,5.097973022787628,452.2697035675882,0.1236892194589409,452.722853225036,1000,1000,1000
0.34,88.87055539935078,5.0905254143924505,452.39782085156736,0.1236892194589409,452.722853225036,1000,1000,1000
0.35000000000000003,88.891527179928,5.089517490200853,452.4149823129081,0.1,452.722853225036,1000,1000,1000
0.36,91.11921551821432,4.956694722706623,451.65013469630037,0.1,452.722853225036,1000,1000,1000
0.37,91.4207003504392,4.934573148268963,451.12213314522023,0.1,452.722853225036,1000,1000,1000
0.38,91.4615018855999,4.93152908170233,451.0450564050084,0.1,452.722853225036,1000,1000,1000
0.39,91.46702377291736,4.931117112091344,451.03460611869855,0.1,452.722853225036,1000,1000,1000
0.4,91.46777107910147,4.931061358067356,451.0331914767081,0.1,452.722853225036,1000,1000,1000
0.41000000000000003,91.46787221599556,4.931053812580728,451.0330000193318,0.1,452.722853225036,1000,1000,1000
0.42,91.46788590338576,4.931052791410158,451.0329741082762,0.1,452.722853225036,1000,1000,1000
0.43,91.4678877557726,4.93105265320975,451.032970601594,0.101383732530319,452.722853225036,1000,1000,1000
0.44,91.33793026402051,4.94074834858415,451.2777281150536,0.101383732530319,452.722853225036,1000,1000,1000
0.45,91.32034243006552,4.942060518263821,451.3106588379592,0.1,452.722853225036,1000,1000,1000
0.46,91.44791991802109,4.9325423870412815,451.07074120239565,0.1,452.722853225036,1000,1000,1000
0.47000000000000003,91.46518565348816,4.931254248056396,451.0380853030304,0.15717806844793614,452.722853225036,1000,1000,1000
0.48,86.09745799423683,5.197210617216936,447.46662280303684,0.15717806844793614,452.722853225036,1000,1000,1000
0.49,85.37101505113505,5.217420399337906,445.4164754399754,0.1,452.722853225036,1000,1000,1000
0.5,29.089296015234606,4.931052631578948,143.4408496667016,0.1,143.85124324192384,1000,700,300
0.51,29.089296015234606,4.931052631578948,143.4408496667016,0.10875417077239963,143.85124324192384,1000,700,300
0.52,28.967329804170394,4.562865059936086,132.1740170430943,0.10875417077239963,143.85124324192384,1000,700,300
0.53,28.81131503888396,4.3830190740854444,126.28054336491323,0.1014395006916709,143.85124324192384,1000,700,300
0.54,29.008679540387504,4.2845198395732815,124.2882630106138,0.1014395006916709,143.85124324192384,1000,700,300
0.55,29.03538992109934,4.166079151048104,120.96373259284421,0.19379433819597405,143.85124324192384,1000,700,300
0.56,26.280496982814057,5.266465236348131,138.40532375394216,0.19379433819597405,143.85124324192384,1000,700,300
0.5700000000000001,25.907662766724673,4.886237823293741,126.59100172390907,0.10199967048645456,143.85124324192384,1000,700,300
0.58,28.598981461731814,1.4956398417679577,42.77377610814933,0.10199967048645456,143.85124324192384,1000,700,300
0.59,28.963211839600596,4.793637402073048,138.83913555847434,0.11674291321790399,143.85124324192384,1000,700,300
0.6,28.57214534509398,3.7094866325570015,105.98799122110186,0.11674291321790399,143.85124324192384,1000,700,300
0.61,28.51922025029558,4.922212340769041,140.37765786511522,0.1330349452468671,143.85124324192384,1000,700,300
0.62,28.025437765664485,4.361298110540563,122.22728877446465,0.1330349452468671,143.85124324192384,1000,700,300
0.63,27.958611573249655,1.4964250545097788,41.83796684751785,0.1236892194589409,143.85124324192384,1000,700,300
0.64,28.228711184142075,4.445006939288627,125.47681710068599,0.26,143.85124324192384,1000,700,300
0.65,24.193855822396326,5.229348681362778,126.5181080419294,0.42000000000000004,143.85124324192384,1000,700,300
0.66,18.868824828222454,4.260385795374031,80.38847327355978,0.42000000000000004,143.85124324192384,1000,700,300
0.67,18.14816025038219,3.7642968179262124,68.31506188172865,0.5713426731284211,143.85124324192384,1000,700,300
0.68,13.530238259540084,5.245653088944382,70.9749361203099,0.5713426731284211,143.85124324192384,1000,700,300
0.6900000000000001,12.905270478944885,5.062293155464564,65.33026241498159,0.74,143.85124324192384,1000,700,300
0.7000000000000001,7.783135531479302,2.3052253962981064,17.941881689996247,0.74,143.85124324192384,1000,700,300
0.71,7.089929947587895,1.9320968502087807,13.698431319935478,0.21065649711511839,143.85124324192384,1000,700,300
0.72,22.806853209328246,4.427399172859811,100.97504303451501,0.21065649711511839,143.85124324192384,1000,700,300
0.73,24.93390747056398,5.2541724656812265,131.0070500936807,0.41687411605638147,143.85124324192384,1000,700,300
0.74,19.06234564034297,4.393601086858798,83.75234252348893,0.41687411605638147,143.85124324192384,1000,700,300
0.75,18.267716157008724,3.846596363775891,70.26853054403985,0.4145249699889959,143.85124324192384,1000,700,300
0.76,18.230340406604988,3.8208677538659916,69.65571980159723,0.4145249699889959,143.85124324192384,1000,700,300
0.77,18.225282148837916,3.8173857651565504,69.57293264093565,0.9,143.85124324192384,1000,700,300
0.78,3.7241481166731187,5.39331073250629,20.085488007096217,0.9,143.85124324192384,1000,700,300
0.79,1.7616330351780125,5.405141567056109,9.521875944339893,0.16131299423023676,143.85124324192384,1000,700,300
0.8,23.559566970376256,4.13010807890137,97.30355787976885,0.16131299423023676,143.85124324192384,1000,700,300
0.81,26.50959653346928,3.7993220273495805,100.71849404575993,0.31752169483769005,143.85124324192384,1000,700,300
0.8200000000000001,22.24310764583735,2.497429767945348,55.55059916632697,0.31752169483769005,143.85124324192384,1000,700,300
0.8300000000000001,21.66570116380382,2.3489935786457297,50.89259291063249,0.42083313908284137,143.85124324192384,1000,700,300
0.84,18.501791620604546,4.007728547806468,74.15015846346334,0.42083313908284137,143.85124324192384,1000,700,300
0.85,18.07360302644065,3.712973333848014,67.1068060837289,0.1,143.85124324192384,1000,700,300
0.86,27.59848408454861,3.9716990197392663,109.61287218489146,0.1,143.85124324192384,1000,700,300
0.87,28.887536560342696,4.974688868378163,143.70650656160402,0.1,143.85124324192384,1000,700,300
0.88,29.061990842261146,2.0035856152582636,58.22818680232182,0.1,143.85124324192384,1000,700,300
0.89,29.085600661916416,4.500836672617265,130.90953810425438,0.2199745242222594,143.85124324192384,1000,700,300
0.9,25.505327303106437,4.620847415965276,117.85622576190798,0.2199745242222594,143.85124324192384,1000,700,300
0.91,25.02078999402739,5.312387420721377,132.9201300207824,0.42589368709416386,143.85124324192384,1000,700,300
0.92,18.804702137738882,4.21624520496437,79.2852352190248,0.42589368709416386,143.85124324192384,1000,700,300
0.93,17.96344612708441,3.6371438491739765,65.33563759109315,0.4137701762565388,143.85124324192384,1000,700,300
0.9400000000000001,18.211706552439004,3.80804063575396,69.35091859811438,0.4137701762565388,143.85124324192384,1000,700,300
0.9500000000000001,18.24530494742081,3.831169000769988,69.90084672415391,0.1,143.85124324192384,1000,700,300
0.96,27.621721412656726,3.290690529392351,90.8945370581434,0.1,143.85124324192384,1000,700,300
0.97,28.89068139072387,4.974051691486648,143.70374263973187,0.20513414748211553,143.85124324192384,1000,700,300
0.98,25.92220881903948,4.792804610646424,124.24008194603182,0.20513414748211553,143.85124324192384,1000,700,300
0.99,25.52046974277046,4.443259136987853,113.3940603647869,0.40040044468692026,143.85124324192384,1000,700,300
1.0,19.628404710415168,1.9462043665796287,38.20088695640215,0.40040044468692026,114.93147733249515,800,500,200
1.01,18.831000420412824,1.3240982524346114,24.934094748264055,0.23187832847164302,114.93147733249515,800,500,200
1.02,23.754929522141314,4.260241356090818,101.20173316124911,0.23187832847164302,114.93147733249515,800,500,200
1.03,24.421310861760738,4.252422917158999,103.84974197561533,0.14295613807286373,114.93147733249515,800,500,200
1.04,27.166593992547934,4.013430490235163,109.0312366455313,0.14295613807286373,114.93147733249515,800,500,200
1.05,27.538127662617715,2.169310195074666,59.73874109178429,0.16989423823580355,114.93147733249515,800,500,200
1.06,26.784073468839953,2.4821220825712693,66.4813402182189,0.16989423823580355,114.93147733249515,800,500,200
1.07,26.682023330949285,4.188080844519012,111.74647080535807,0.31556433983825244,114.93147733249515,800,500,200
1.08,22.318697042979906,2.6549537368038356,59.25510811485222,0.31556433983825244,114.93147733249515,800,500,200
1.09,21.72818504394381,4.131231287682326,89.76415787809184,0.1,114.93147733249515,800,500,200
1.1,28.084732142672067,2.666264813108988,74.88133309759753,0.1,114.93147733249515,800,500,200
1.11,28.94499724468532,3.5671444568744364,103.25098647562508,0.18433228698651563,114.93147733249515,800,500,200
1.12,26.543371647843376,4.194904551199552,111.34691052971932,0.18433228698651563,114.93147733249515,800,500,200
1.1300000000000001,26.218346967466474,3.8464618776312935,100.84787210486982,0.11580918054918891,114.93147733249515,800,500,200
1.1400000000000001,28.22036839388897,2.0978138555036834,59.20107982411851,0.11580918054918891,114.93147733249515,800,500,200
1.1500000000000001,28.49131253067962,4.03355670627435,114.92132472868121,0.1278984225874872,114.93147733249515,800,500,200
1.16,28.167012159283736,4.073473318593542,114.73757249534216,0.1278984225874872,114.93147733249515,800,500,200
1.17,28.123122876667136,4.07837382939666,114.69660834110576,0.1,114.93147733249515,800,500,200
1.18,28.950192865544206,3.4363340791196437,99.48253434095594,0.1,114.93147733249515,800,500,200
1.19,29.062124616745386,3.7427591609575868,108.77253314621478,0.17580861336279113,114.93147733249515,800,500,200
1.2,26.813728660777635,2.048800446271742,54.935979246410625,0.17580861336279113,114.93147733249515,800,500,200
1.21,26.509441357248686,3.700719290462111,98.1040010101443,0.1,114.93147733249515,800,500,200
1.22,28.731804820060024,3.1830515174568843,91.45481493176707,0.1,114.93147733249515,800,500,200
1.23,29.032569008754297,1.821173850307654,52.87335548599573,0.1,114.93147733249515,800,500,200
1.24,29.073273015418664,2.9019594469534455,84.36945928095088,0.1,114.93147733249515,800,500,200
1.25,29.07878170368945,2.4865003610026064,72.3044012037398,0.1,114.93147733249515,800,500,200
1.26,29.079527223576843,2.4302740879320086,70.67122150077223,0.1,114.93147733249515,800,500,200
1.27,29.07962811872196,2.4226646893407975,70.45018822238946,0.1,114.93147733249515,800,500,200
1.28,29.079641773395,2.421634869227296,70.42027450309202,0.26,114.93147733249515,800,500,200
1.29,24.30225662890289,4.253819742360775,103.37741903194511,0.2279992152910908,114.93147733249515,800,500,200
1.3,24.611208686096244,3.266549464348586,80.39373055053896,0.2279992152910908,114.93147733249515,800,500,200
1.31,24.653020800263043,2.9634405970074287,73.05776267836806,0.45791545925614136,114.93147733249515,800,500,200
1.32,17.79368649662741,2.7476872608255647,48.891485709907,0.45791545925614136,114.93147733249515,800,500,200
1.33,16.865376545830266,4.092915165043808,69.02855542860284,0.4181400148432048,114.93147733249515,800,500,200
1.34,17.927385272941066,2.4134406703095443,43.26668073002434,0.4181400148432048,114.93147733249515,800,500,200
1.35,18.07111252482436,2.0541229171423363,37.120286375499624,0.3106142903737481,114.93147733249515,800,500,200
1.36,21.30113887713098,3.745050669459263,79.77384441204411,0.3106142903737481,114.93147733249515,800,500,200
1.37,21.738275408382123,4.106005418394693,89.2574766133731,0.13799921529109077,114.93147733249515,800,500,200
1.3800000000000001,26.95149174465749,3.2482405138361083,87.54492739331587,0.13799921529109077,114.93147733249515,800,500,200
1.3900000000000001,27.65702385410105,3.567357340663875,98.66248706684328,0.558368834189256,114.93147733249515,800,500,200
1.4000000000000001,15.200830058554217,3.0667283803264302,46.616816945087294,0.558368834189256,114.93147733249515,800,500,200
1.41,13.515067543183749,2.0568778338304945,27.798842852296612,0.4543715966000818,114.93147733249515,800,500,200
1.42,16.392143458880003,3.801168708197131,62.30930277617295,0.4543715966000818,114.93147733249515,800,500,200
1.43,16.781513342823995,4.041213808964569,67.8176834563435,0.1,114.93147733249515,800,500,200
1.44,27.415272926922476,4.143030931726155,113.58232373795447,0.1,114.93147733249515,800,500,200
1.45,28.85439579210649,3.8332931550314058,110.60735788244881,0.10991019402495811,114.93147733249515,800,500,200
1.46,28.753254692506566,2.109086787669548,60.643109574463026,0.10991019402495811,114.93147733249515,800,500,200
1.47,28.73956673314535,2.794423523976312,80.31052134798841,0.2931779932363411,114.93147733249515,800,500,200
1.48,23.2655817687407,2.1102438351975357,49.096050499769234,0.2931779932363411,114.93147733249515,800,500,200
1.49,22.524758463150036,2.139801040167932,48.19850158897987,0.3428938315392852,114.93147733249515,800,500,200
1.5,20.940050186089078,3.2279471859551805,67.5933760719465,0.3428938315392852,114.93147733249515,800,500,200
